PRAGMA foreign_keys=OFF;
BEGIN TRANSACTION;
CREATE TABLE IF NOT EXISTS "django_migrations" ("id" integer NOT NULL PRIMARY KEY AUTOINCREMENT, "app" varchar(255) NOT NULL, "name" varchar(255) NOT NULL, "applied" datetime NOT NULL);
INSERT INTO django_migrations VALUES(1,'contenttypes','0001_initial','2020-07-17 19:57:04.954066');
INSERT INTO django_migrations VALUES(2,'auth','0001_initial','2020-07-17 19:57:04.967631');
INSERT INTO django_migrations VALUES(3,'admin','0001_initial','2020-07-17 19:57:04.980104');
INSERT INTO django_migrations VALUES(4,'admin','0002_logentry_remove_auto_add','2020-07-17 19:57:04.991217');
INSERT INTO django_migrations VALUES(5,'admin','0003_logentry_add_action_flag_choices','2020-07-17 19:57:05.003526');
INSERT INTO django_migrations VALUES(6,'contenttypes','0002_remove_content_type_name','2020-07-17 19:57:05.022430');
INSERT INTO django_migrations VALUES(7,'auth','0002_alter_permission_name_max_length','2020-07-17 19:57:05.031963');
INSERT INTO django_migrations VALUES(8,'auth','0003_alter_user_email_max_length','2020-07-17 19:57:05.043152');
INSERT INTO django_migrations VALUES(9,'auth','0004_alter_user_username_opts','2020-07-17 19:57:05.059159');
INSERT INTO django_migrations VALUES(10,'auth','0005_alter_user_last_login_null','2020-07-17 19:57:05.068252');
INSERT INTO django_migrations VALUES(11,'auth','0006_require_contenttypes_0002','2020-07-17 19:57:05.070705');
INSERT INTO django_migrations VALUES(12,'auth','0007_alter_validators_add_error_messages','2020-07-17 19:57:05.084636');
INSERT INTO django_migrations VALUES(13,'auth','0008_alter_user_username_max_length','2020-07-17 19:57:05.095125');
INSERT INTO django_migrations VALUES(14,'auth','0009_alter_user_last_name_max_length','2020-07-17 19:57:05.104547');
INSERT INTO django_migrations VALUES(15,'auth','0010_alter_group_name_max_length','2020-07-17 19:57:05.113048');
INSERT INTO django_migrations VALUES(16,'auth','0011_update_proxy_permissions','2020-07-17 19:57:05.124786');
INSERT INTO django_migrations VALUES(17,'pages','0001_initial','2020-07-17 19:57:05.133041');
INSERT INTO django_migrations VALUES(18,'sessions','0001_initial','2020-07-17 19:57:05.135870');
INSERT INTO django_migrations VALUES(19,'auth','0012_alter_user_first_name_max_length','2020-11-22 10:07:03.259658');
CREATE TABLE IF NOT EXISTS "auth_group_permissions" ("id" integer NOT NULL PRIMARY KEY AUTOINCREMENT, "group_id" integer NOT NULL REFERENCES "auth_group" ("id") DEFERRABLE INITIALLY DEFERRED, "permission_id" integer NOT NULL REFERENCES "auth_permission" ("id") DEFERRABLE INITIALLY DEFERRED);
CREATE TABLE IF NOT EXISTS "auth_user_groups" ("id" integer NOT NULL PRIMARY KEY AUTOINCREMENT, "user_id" integer NOT NULL REFERENCES "auth_user" ("id") DEFERRABLE INITIALLY DEFERRED, "group_id" integer NOT NULL REFERENCES "auth_group" ("id") DEFERRABLE INITIALLY DEFERRED);
CREATE TABLE IF NOT EXISTS "auth_user_user_permissions" ("id" integer NOT NULL PRIMARY KEY AUTOINCREMENT, "user_id" integer NOT NULL REFERENCES "auth_user" ("id") DEFERRABLE INITIALLY DEFERRED, "permission_id" integer NOT NULL REFERENCES "auth_permission" ("id") DEFERRABLE INITIALLY DEFERRED);
CREATE TABLE IF NOT EXISTS "django_admin_log" ("id" integer NOT NULL PRIMARY KEY AUTOINCREMENT, "action_time" datetime NOT NULL, "object_id" text NULL, "object_repr" varchar(200) NOT NULL, "change_message" text NOT NULL, "content_type_id" integer NULL REFERENCES "django_content_type" ("id") DEFERRABLE INITIALLY DEFERRED, "user_id" integer NOT NULL REFERENCES "auth_user" ("id") DEFERRABLE INITIALLY DEFERRED, "action_flag" smallint unsigned NOT NULL CHECK ("action_flag" >= 0));
INSERT INTO django_admin_log VALUES(1,'2020-07-17 20:01:47.571629','2','bob','[{"added": {}}]',4,1,1);
INSERT INTO django_admin_log VALUES(2,'2020-07-17 20:02:37.269713','3','alice','[{"added": {}}]',4,1,1);
INSERT INTO django_admin_log VALUES(3,'2020-07-17 20:06:58.951184','4','patrick','[{"added": {}}]',4,1,1);
CREATE TABLE IF NOT EXISTS "django_content_type" ("id" integer NOT NULL PRIMARY KEY AUTOINCREMENT, "app_label" varchar(100) NOT NULL, "model" varchar(100) NOT NULL);
INSERT INTO django_content_type VALUES(1,'admin','logentry');
INSERT INTO django_content_type VALUES(2,'auth','permission');
INSERT INTO django_content_type VALUES(3,'auth','group');
INSERT INTO django_content_type VALUES(4,'auth','user');
INSERT INTO django_content_type VALUES(5,'contenttypes','contenttype');
INSERT INTO django_content_type VALUES(6,'sessions','session');
INSERT INTO django_content_type VALUES(7,'pages','account');
CREATE TABLE IF NOT EXISTS "auth_permission" ("id" integer NOT NULL PRIMARY KEY AUTOINCREMENT, "content_type_id" integer NOT NULL REFERENCES "django_content_type" ("id") DEFERRABLE INITIALLY DEFERRED, "codename" varchar(100) NOT NULL, "name" varchar(255) NOT NULL);
INSERT INTO auth_permission VALUES(1,1,'add_logentry','Can add log entry');
INSERT INTO auth_permission VALUES(2,1,'change_logentry','Can change log entry');
INSERT INTO auth_permission VALUES(3,1,'delete_logentry','Can delete log entry');
INSERT INTO auth_permission VALUES(4,1,'view_logentry','Can view log entry');
INSERT INTO auth_permission VALUES(5,2,'add_permission','Can add permission');
INSERT INTO auth_permission VALUES(6,2,'change_permission','Can change permission');
INSERT INTO auth_permission VALUES(7,2,'delete_permission','Can delete permission');
INSERT INTO auth_permission VALUES(8,2,'view_permission','Can view permission');
INSERT INTO auth_permission VALUES(9,3,'add_group','Can add group');
INSERT INTO auth_permission VALUES(10,3,'change_group','Can change group');
INSERT INTO auth_permission VALUES(11,3,'delete_group','Can delete group');
INSERT INTO auth_permission VALUES(12,3,'view_group','Can view group');
INSERT INTO auth_permission VALUES(13,4,'add_user','Can add user');
INSERT INTO auth_permission VALUES(14,4,'change_user','Can change user');
INSERT INTO auth_permission VALUES(15,4,'delete_user','Can delete user');
INSERT INTO auth_permission VALUES(16,4,'view_user','Can view user');
INSERT INTO auth_permission VALUES(17,5,'add_contenttype','Can add content type');
INSERT INTO auth_permission VALUES(18,5,'change_contenttype','Can change content type');
INSERT INTO auth_permission VALUES(19,5,'delete_contenttype','Can delete content type');
INSERT INTO auth_permission VALUES(20,5,'view_contenttype','Can view content type');
INSERT INTO auth_permission VALUES(21,6,'add_session','Can add session');
INSERT INTO auth_permission VALUES(22,6,'change_session','Can change session');
INSERT INTO auth_permission VALUES(23,6,'delete_session','Can delete session');
INSERT INTO auth_permission VALUES(24,6,'view_session','Can view session');
INSERT INTO auth_permission VALUES(25,7,'add_account','Can add account');
INSERT INTO auth_permission VALUES(26,7,'change_account','Can change account');
INSERT INTO auth_permission VALUES(27,7,'delete_account','Can delete account');
INSERT INTO auth_permission VALUES(28,7,'view_account','Can view account');
CREATE TABLE IF NOT EXISTS "auth_group" ("id" integer NOT NULL PRIMARY KEY AUTOINCREMENT, "name" varchar(150) NOT NULL UNIQUE);
CREATE TABLE IF NOT EXISTS "pages_account" ("id" integer NOT NULL PRIMARY KEY AUTOINCREMENT, "balance" integer NOT NULL, "user_id" integer NOT NULL UNIQUE REFERENCES "auth_user" ("id") DEFERRABLE INITIALLY DEFERRED);
INSERT INTO pages_account VALUES(1,100,2);
INSERT INTO pages_account VALUES(2,250,3);
INSERT INTO pages_account VALUES(3,42,4);
CREATE TABLE IF NOT EXISTS "django_session" ("session_key" varchar(40) NOT NULL PRIMARY KEY, "session_data" text NOT NULL, "expire_date" datetime NOT NULL);
INSERT INTO django_session VALUES('cn30d7b93cmt93vmr9t7nwa18612gdnf','YzRlNTM3MTZhODRiYjBlZmRkODhmYzYxYWE0Njc2ZTZjMTJhNTY1MDp7Il9hdXRoX3VzZXJfaWQiOiIyIiwiX2F1dGhfdXNlcl9iYWNrZW5kIjoiZGphbmdvLmNvbnRyaWIuYXV0aC5iYWNrZW5kcy5Nb2RlbEJhY2tlbmQiLCJfYXV0aF91c2VyX2hhc2giOiI5NjFhYTUwZWY1Y2NmYTNlY2QyM2IxN2UwZTM2ZjZlYjQ0MjE4YTk1IiwidG8iOiJhbGljZSIsImFtb3VudCI6LTEwfQ==','2020-07-31 22:17:45.498464');
INSERT INTO django_session VALUES('qklispv15m8i4apw04l04pkn3v95nhaj','MDRiZTNjOGM1ODJmN2NlZTAyODNkMDRjNjhhOGI3ZmM5ODFmMDQ2ODp7Il9hdXRoX3VzZXJfaWQiOiIzIiwiX2F1dGhfdXNlcl9iYWNrZW5kIjoiZGphbmdvLmNvbnRyaWIuYXV0aC5iYWNrZW5kcy5Nb2RlbEJhY2tlbmQiLCJfYXV0aF91c2VyX2hhc2giOiI0NDgzZTM5ZTUwZTVkNmNkYzM0Y2FkNjM3NDNlM2NjYjBiY2E4Y2E5In0=','2020-08-02 17:31:16.947331');
INSERT INTO django_session VALUES('0svcjfv95l898br37pi7rdchbql234ke','MDRiZTNjOGM1ODJmN2NlZTAyODNkMDRjNjhhOGI3ZmM5ODFmMDQ2ODp7Il9hdXRoX3VzZXJfaWQiOiIzIiwiX2F1dGhfdXNlcl9iYWNrZW5kIjoiZGphbmdvLmNvbnRyaWIuYXV0aC5iYWNrZW5kcy5Nb2RlbEJhY2tlbmQiLCJfYXV0aF91c2VyX2hhc2giOiI0NDgzZTM5ZTUwZTVkNmNkYzM0Y2FkNjM3NDNlM2NjYjBiY2E4Y2E5In0=','2020-08-06 14:30:37.036772');
CREATE TABLE IF NOT EXISTS "auth_user" ("id" integer NOT NULL PRIMARY KEY AUTOINCREMENT, "password" varchar(128) NOT NULL, "last_login" datetime NULL, "is_superuser" bool NOT NULL, "username" varchar(150) NOT NULL UNIQUE, "last_name" varchar(150) NOT NULL, "email" varchar(254) NOT NULL, "is_staff" bool NOT NULL, "is_active" bool NOT NULL, "date_joined" datetime NOT NULL, "first_name" varchar(150) NOT NULL);
INSERT INTO auth_user VALUES(1,'pbkdf2_sha256$180000$S4MvstQ5t2rx$sRNX547ndLQrKJdwQ2oPR9kenq2qcYLDCFABUYFFp1c=','2020-07-17 20:01:08.616448',1,'admin','','admin@admin.gov',1,1,'2020-07-17 19:58:13.209291','');
INSERT INTO auth_user VALUES(2,'pbkdf2_sha256$180000$Kh1Dq2UDGO17$mzsX0Mp2mTYuMXkfrzUCCj3xZDjWOAdblmH0sDo+DIQ=','2020-07-17 22:17:40.896304',0,'bob','','',0,1,'2020-07-17 20:01:47.462580','');
INSERT INTO auth_user VALUES(3,'pbkdf2_sha256$180000$o2Gh6IdeOjRM$4x7sNu5bLQB+HGpYZVuZBjg7yAKJjz5TPkFx0yWBhwc=','2020-07-23 14:30:37.034696',0,'alice','','',0,1,'2020-07-17 20:02:37.168116','');
INSERT INTO auth_user VALUES(4,'pbkdf2_sha256$180000$M1zqxGvWIReQ$AAFi7gwlp0CH/t8Jd8aiZ1V6XmGXT4639F50RH6EX3c=',NULL,0,'patrick','','',0,1,'2020-07-17 20:06:58.848246','');
DELETE FROM sqlite_sequence;
INSERT INTO sqlite_sequence VALUES('django_migrations',19);
INSERT INTO sqlite_sequence VALUES('django_admin_log',3);
INSERT INTO sqlite_sequence VALUES('django_content_type',7);
INSERT INTO sqlite_sequence VALUES('auth_permission',28);
INSERT INTO sqlite_sequence VALUES('auth_group',0);
INSERT INTO sqlite_sequence VALUES('pages_account',3);
INSERT INTO sqlite_sequence VALUES('auth_user',4);
CREATE UNIQUE INDEX "auth_group_permissions_group_id_permission_id_0cd325b0_uniq" ON "auth_group_permissions" ("group_id", "permission_id");
CREATE INDEX "auth_group_permissions_group_id_b120cbf9" ON "auth_group_permissions" ("group_id");
CREATE INDEX "auth_group_permissions_permission_id_84c5c92e" ON "auth_group_permissions" ("permission_id");
CREATE UNIQUE INDEX "auth_user_groups_user_id_group_id_94350c0c_uniq" ON "auth_user_groups" ("user_id", "group_id");
CREATE INDEX "auth_user_groups_user_id_6a12ed8b" ON "auth_user_groups" ("user_id");
CREATE INDEX "auth_user_groups_group_id_97559544" ON "auth_user_groups" ("group_id");
CREATE UNIQUE INDEX "auth_user_user_permissions_user_id_permission_id_14a6b632_uniq" ON "auth_user_user_permissions" ("user_id", "permission_id");
CREATE INDEX "auth_user_user_permissions_user_id_a95ead1b" ON "auth_user_user_permissions" ("user_id");
CREATE INDEX "auth_user_user_permissions_permission_id_1fbb5f2c" ON "auth_user_user_permissions" ("permission_id");
CREATE INDEX "django_admin_log_content_type_id_c4bce8eb" ON "django_admin_log" ("content_type_id");
CREATE INDEX "django_admin_log_user_id_c564eba6" ON "django_admin_log" ("user_id");
CREATE UNIQUE INDEX "django_content_type_app_label_model_76bd3d3b_uniq" ON "django_content_type" ("app_label", "model");
CREATE UNIQUE INDEX "auth_permission_content_type_id_codename_01ab375a_uniq" ON "auth_permission" ("content_type_id", "codename");
CREATE INDEX "auth_permission_content_type_id_2f476e4b" ON "auth_permission" ("content_type_id");
CREATE INDEX "django_session_expire_date_a5c62663" ON "django_session" ("expire_date");
COMMIT;
